yourlist:M202111026320BA52A5CE8FCD097CB85A53697A35277F3CK	Entry	Gene names
YAL022C	P31381	FUN26 YAL022C
YAL029C	P32492	MYO4 SHE1 YAL029C FUN22
YAL030W	P31109	SNC1 YAL030W
YAL031C	P39732	GIP4 FUN21 YAL031C
YAL032C	P28004	PRP45 FUN20 YAL032C
YAL033W	P28005	POP5 YAL033W FUN53
YAL034C	P28003	FUN19 YAL034C
YAL053W	P39719	FLC2 YAL053W
YAR002W	P39705	NUP60 FUN17 YAR002W
YAR014C	P27637	BUD14 YAR014C FUN2
YAR018C	P22209	KIN3 NPK1 YAR018C FUN52
YBL003C	P04912	HTA2 H2A2 YBL003C YBL0103
YBL009W	P32789	ALK2 YBL009W YBL0317
YBL014C	P32786	RRN6 YBL014C YBL0311 YBL0312
YBL022C	P36775	PIM1 LON YBL022C YBL0440
YBL023C	P29469	MCM2 YBL023C YBL0438
YBL028C	P38202	YBL028C YBL0423
YBL030C	P18239	PET9 AAC2 YBL030C YBL0421
YBL031W	P38200	SHE1 YBL031W YBL0420
YBL032W	P38199	HEK2 KHD1 YBL032W YBL0418
YBL042C	P38196	FUI1 YBL042C YBL0406
YBL050W	P32602	SEC17 YBL050W YBL0505 YBL0517
YBL059W	P34224	YBL059W YBL0508 YBL0516
YBL070C	P38186	YBL070C YBL0616
YBL085W	P38041	BOI1 BOB1 GIN7 YBL085W YBL0717
YBL097W	P38170	BRN1 YBL097W YBL0830
YBL102W	P38166	SFT2 YBL102W YBL0812
YBR003W	P18900	COQ1 YBR003W YBR0109
YBR009C	P02309	HHF1 YBR009C YBR0122; HHF2 YNL030W N2752
YBR014C	P38068	GRX7 GRX6 YBR014C YBR0219
YBR021W	P05316	FUR4 YBR021W YBR0303
YBR024W	P38072	SCO2 YBR024W YBR0308
YBR029C	P38221	CDS1 CDG1 YBR029C YBR0313
YBR047W	P38231	FMP23 YBR047W YBR0422
YBR054W	P38079	YRO2 YBR054W YBR0507
YBR059C	P38080	AKL1 YBR059C YBR0519
YBR068C	P38084	BAP2 YBR068C YBR0629
YBR078W	P38248	ECM33 YBR078W YBR0727
YBR079C	P38249	RPG1 TIF32 YBR079C YBR0734
YBL027W,YBR084C-A	P0CX82	RPL19A RPL23A YL14A YBR084C-A YBR084BC
YBL027W,YBR084C-A	P0CX83	RPL19B RPL23B YL14B YBL027W YBL0424
YBR085W	P18238	AAC3 YBR085W YBR0753
YBR089C-A	P11633	NHP6B NHPB YBR089C-A YBR090BC
YBR097W	P22219	VPS15 GRD8 VAC4 VPL19 YBR097W YBR0825
YBR102C	P38261	EXO84 USA3 YBR102C YBR0831
YBR131W	P38273	CCZ1 AUT11 CVT16 YBR131W YBR1006
YBR133C	P38274	HSL7 YBR133C YBR1008
YBR136W	P38111	MEC1 ESR1 SAD3 YBR136W YBR1012
YBR138C	P38277	YBR138C YBR1014
YBR142W	P38112	MAK5 YBR142W YBR1119
YBR146W	P38120	MRPS9 YBR146W YBR1123
YBR154C	P20434	RPB5 RPA7 RPC9 YBR154C YBR1204
YBR156C	P38283	SLI15 YBR156C YBR1206
YBR158W	P38285	AMN1 CST13 ICS4 YBR158W YBR1208
YBR159W	P38286	IFA38 YBR159W YBR1209
YBR172C	P32909	SMY2 YBR172C YBR1233
YBR173C	P38293	UMP1 YBR173C YBR1234
YBR177C	P38295	EHT1 YBR177C YBR1239
YBR179C	P38297	FZO1 YBR179C YBR1241
YBR180W	P38125	DTR1 YBR180W YBR1242
YBR189W	P05755	RPS9B RPS13B SUP46 YBR189W YBR1317
YBR191W	Q02753	RPL21A URP1 YBR191W YBR1401
YBR192W	P38127	RIM2 YBR192W YBR1402
YBR195C	P13712	MSI1 CAC3 YBR195C YBR1405
YBR198C	P38129	TAF5 TAF90 YBR198C YBR1410
YBR202W	P38132	MCM7 CDC47 YBR202W YBR1441
YBR203W	P38308	COS111 YBR203W YBR1443
YBR207W	P38310	FTH1 YBR207W YBR1446
YBR216C	P38315	YBP1 YBR216C YBR1505
YBR233W	P38151	PBP2 YBR233W YBR1531
YBR236C	P32783	ABD1 YBR236C YBR1602
YBR237W	P21372	PRP5 RNA5 YBR237W YBR1603
YBR241C	P38142	YBR241C YBR1625
YBR247C	P38333	ENP1 MEG1 YBR247C YBR1635
YBR250W	P33757	SPO23 YBR250W YBR1702
YBR260C	P38339	RGD1 YBR260C YBR1728
YBR265W	P38342	TSC10 YBR265W YBR1734
YBR267W	P38344	REI1 YBR267W YBR1736
YBR273C	P38349	UBX7 YBR273C YBR1741
YBR274W	P38147	CHK1 YBR274W YBR1742
YBR279W	P38351	PAF1 YBR279W YBR2016
YBR283C	P38353	SSH1 YBR283C YBR2020
YCL014W	P25558	BUD3 YCL014W YCL012W YCL013W YCL12W YCL13W YCL14W
YCL029C	P11709	BIK1 YCL029C YCL29C
YCL037C	P25567	SRO9 YCL037C YCL37C
YCL048W	P25380	SPS22 YCL048W YCL48W
YCL051W	P25579	LRE1 YCL051W YCL51W
YCL069W	P25594	VBA3 YCL069W YCL69W
YCR011C	P25371	ADP1 YCR011C YCR105 YCR11C
YCR027C	P25378	RHB1 RSG1 YCR027C YCR27C
YCR034W	P25358	ELO2 FEN1 GNS1 VBM2 YCR034W YCR34W YCR521
YCR035C	P25359	RRP43 YCR035C YCR35C YCR522
YCL067C,YCR039C	P0CY08	MATALPHA2 ALPHA-2 MAT2A MATAL2 YCR039C YCR39C
YCL067C,YCR039C	P0CY09	HMLALPHA2 YCL067C YCL67C
YCR044C	P25625	PER1 COS16 YCR044C YCR44C
YCR049C	P25629	YCR049C YCR49C
YCR052W	P25632	RSC6 YCR052W YCR52W
YCR057C	P25635	PWP2 UTP1 YCR057C YCR55C/YCR57C/YCR58C
YCR077C	P25644	PAT1 MRT1 YCR077C YCR77C
YCR096C	P0CY13	HMRA2 YCR096C YCR96C
YCR099C	P25657	YCR099C YCR99C
YCR100C	P25606	YCR100C
YDL003W	Q12158	MCD1 PDS3 RHC21 SCC1 YDL003W YD8119.04
YDL013W	P32828	SLX5 HEX3 YDL013W D2875
YDL020C	Q03465	RPN4 SON1 UFD5 YDL020C D2840
YDL025C	Q12100	RTK1 YDL025C D2810
YDL028C	P54199	MPS1 RPK1 YDL028C D2785
YDL034W	Q12448	YDL034W D2758
YDL041W	Q12352	YDL041W D2717
YDL043C	Q07350	PRP11 PRP10 RNA11 YDL043C D2711
YDL047W	P20604	SIT4 PPH1 YDL047W D2693
YDL051W	P33399	LHP1 LAH1 YLA1 YDL051W
YDL056W	P39678	MBP1 YDL056W
YDL061C	P41058	RPS29B RPS36B YS29B YDL061C
YDL067C	P07255	COX9 YDL067C D2520
YDL075W	P0C2H8	RPL31A RPL34 RPL34A YDL075W D2478
YDL081C	P05318	RPP1A L12EIIA RPA1 RPLA1 YDL081C
YDL082W	Q12690	RPL13A YDL082W
YDL084W	Q07478	SUB2 YDL084W
YDL088C	Q05166	ASM4 NUP59 YDL088C D2420
YDL090C	P22007	RAM1 DPR1 SCG2 STE16 YDL090C D2412
YDL091C	Q12229	UBX3 YDL091C
YDL103C	P43123	QRI1 UAP1 YDL103C D2362
YDL107W	P40990	MSS2 YDL107W D2340
YDL117W	Q07533	CYK3 YDL117W
YDL119C	Q07534	HEM25 YDL119C
YDL126C	P25694	CDC48 YDL126C
YDL129W	Q07555	YDL129W
YDL130W	P10622	RPP1B L12EIIB RPL44P RPLA3 YDL130W
YDL132W	Q12018	CDC53 YDL132W D2190
YDL134C	P23594	PPH21 YDL134C D2180
YDL139C	Q12334	SCM3 YDL139C D2155
YDL141W	P48445	BPL1 ACC2 YDL141W D2140
YDL143W	P39078	CCT4 ANC2 TCP4 YDL143W
YDL145C	P53622	COP1 RET1 SEC33 SOO1 YDL145C D1578
YDL153C	Q12136	SAS10 UTP3 YDL153C D1545
YDL155W	P24870	CLB3 YDL155W D1539
YDL160C	P39517	DHH1 YDL160C
YDL161W	Q12518	ENT1 YDL161W
YDL173W	Q12515	PAR32 YDL173W
YDL183C	P48569	YDL183C D1293
YDL186W	P48568	YDL186W D1281
YDL188C	P23595	PPH22 SIS4 YDL188C D1271
YDL189W	Q05672	RBS1 YDL189W D1266
YDL136W,YDL191W	P0CX84	RPL35A SOS1 YDL191W D1249
YDL136W,YDL191W	P0CX85	RPL35B SOS2 YDL136W D2170
YDL193W	Q12063	NUS1 YDL193W D1239
YDL198C	P38988	GGC1 SHM1 YHM1 YDL198C D1214
YDL203C	Q07622	ACK1 YDL203C D1066
YDL207W	Q12315	GLE1 BRR3 RSS1 YDL207W D1049
YDL211C	Q12121	YDL211C D1026
YDL220C	P32797	CDC13 YDL220C
YDL224C	Q07655	WHI4 YDL224C D0839
YDL225W	Q07657	SHS1 SEP7 YDL225W
YDL226C	P35197	GCS1 YDL226C
YDL239C	Q07732	ADY3 YDL239C
YDR011W	P32568	SNQ2 YDR011W YD8119.16
YDR023W	P07284	SES1 SERS YDR023W YD9813.01
YBR048W,YDR025W	P0CX47	RPS11A RPS18A YDR025W YD9813.03
YBR048W,YDR025W	P0CX48	RPS11B RPS18B YBR048W YBR0501
YDR026C	Q12457	NSI1 YDR026C PZE570
YDR028C	Q00816	REG1 HEX2 PZF240 SPP43 SRN1 YDR028C YD9813.06C
YDR038C	Q12691	ENA5 YDR038C YD9673.10c
YDR039C	Q01896	ENA2 PMR2B YDR039C
YDR040C	P13587	ENA1 HOR6 PMR2 PMR2A YDR040C YD6888.02C
YDR064W	P05756	RPS13 RPS13C YDR064W D4252 YD9609.18
YDR075W	P32345	PPH3 YDR075W D4421
YDR084C	P38962	TVP23 YDR084C D4466
YDR091C	Q03195	RLI1 YDR091C
YDR096W	Q03833	GIS1 YDR096W YD8557.01
YDR111C	P52892	ALT2 YDR111C YD9727.07C
YDR113C	P40316	PDS1 YDR113C YD9727.08C
YDR120C	P15565	TRM1 YDR120C YD9727.15C
YDR123C	P26798	INO2 DIE1 SCS1 YDR123C YD9727.18C
YDR140W	Q03920	MTQ2 MTC6 YDR140W
YDR145W	Q03761	TAF12 TAF61 TAF68 YDR145W YD8358.02
YDR148C	P19262	KGD2 YDR148C YD8358.05C
YDR151C	P47976	CTH1 YDR151C YD8358.07C
YDR153C	Q03769	ENT5 YDR153C
YDR156W	P50106	RPA14 YDR156W YD8358.11
YDR169C	Q12427	STB3 YDR169C YD9489.04c
YDR179W-A	Q03983	YDR179W-A YD9395.13
YDR182W	P40986	CDC1 DSR1 ESP2 YDR182W YD9395.16
YDR184C	Q04005	ATC1 LIC4 YDR184C YD9395.18c
YDR188W	P39079	CCT6 TCP20 TCP6 YDR188W YD9395.21
YDR189W	P22213	SLY1 YDR189W YD9346.01 YD9395.22
YDR190C	Q03940	RVB1 TIH1 TIP49A YDR190C
YDR192C	P49686	NUP42 RIP1 UIP1 YDR192C YD9346.04C
YDR194C	P15424	MSS116 YDR194C YD9346.05C
YDR208W	P38994	MSS4 YDR208W YD8142A.05
YDR212W	P12612	TCP1 CCT1 YDR212W YD8142.13 YD8142B.04
YDR213W	Q12151	UPC2 MOX4 YDR213W YD8142.14 YD8142B.05
YDR224C	P02293	HTB1 H2B1 SPT12 YDR224C YD9934.09C
YDR225W	P04911	HTA1 H2A1 SPT11 YDR225W YD9934.10
YDR231C	Q04935	COX20 YDR231C YD9934.15c
YDR233C	Q04947	RTN1 YDR233C
YDR238C	P41810	SEC26 YDR238C YD8419.05C
YDR244W	P35056	PEX5 PAS10 YDR244W YD8419.11
YDR249C	Q03787	YDR249C
YDR251W	P37304	PAM1 YDR251W YD8419.18 YD9320A.01
YDR264C	P39010	AKR1 YDR264C D9954.9 YD9230B.03C
YDR293C	P24276	SSD1 CLA1 RLD1 SRK1 YDR293C D9819.4
YDR294C	Q05567	DPL1 BST1 YDR294C D9819.5
YDR299W	Q06631	BFR2 YDR299W
YDR303C	Q06639	RSC3 YDR303C D9740.13
YDR304C	P35176	CPR5 CYP5 CYPD YDR304C D9740.14
YDR308C	P47822	SRB7 MED21 YDR308C D9740.17
YDR309C	Q06648	GIC2 YDR309C D9740.18
YDR311W	P32776	TFB1 YDR311W D9740.3
YDR312W	Q12153	SSF2 YDR312W D9740.2
YDR320C	Q06677	SWA2 AUX1 BUD24 YDR320C D9798.10
YDR324C	Q06679	UTP4 YDR324C
YDR330W	Q06682	UBX5 YDR330W
YDR331W	P49018	GPI8 YDR331W D9798.2
YDR344C	Q05510	YDR344C
YDR351W	P42223	SBE2 YDR351W D9476.7
YDR359C	Q06337	EAF1 VID21 YDR359C
YDR367W	Q06346	KEI1 YDR367W
YDR374C	Q06390	PHO92 MRB1 YDR374C
YDR375C	P32839	BCS1 YDR375C D9481.17
YDR379W	Q06407	RGA2 YDR379W D9481.4
YDR382W	P02400	RPP2B L12EIA RPL45 RPLA4 YDR382W
YDR389W	P17121	SAC7 YDR389W
YDR394W	P33298	RPT3 YNT1 YTA2 YDR394W D9509.14
YDR404C	P34087	RPB7 YDR404C D9509.22
YDR405W	P32387	MRP20 MRPL41 YDR405W D9509.23
YDR416W	Q04048	SYF1 NTC90 YDR416W
YDR425W	Q04053	SNX41 YDR425W
YDR429C	Q04067	TIF35 YDR429C D9461.16
YDR432W	Q01560	NPL3 MTR13 MTS1 NAB1 NOP3 YDR432W D9461.19
YDR440W	Q04089	DOT1 KMT4 PCH1 YDR440W D9461.26
YDR443C	P38931	SSN2 MED13 NUT8 RYE3 SCA1 SRB9 UME2 YDR443C
YDR449C	Q02354	UTP6 YDR449C D9461.34
YDR450W	P0CX55	RPS18A YDR450W D9461.35
YDR450W	P0CX56	RPS18B YML026C
YDR451C	Q04116	YHP1 YDR451C D9461.36
YDR456W	Q04121	NHX1 NHA2 VPL27 VPS44 YDR456W D9461.40
YDR458C	Q03281	HEH2 YDR458C D8035.2
YDR468C	Q03322	TLG1 YDR468C D8035.11
YDR470C	Q03327	UGO1 YDR470C
YDR471W	P0C2H7	RPL27B RPL27 YDR471W D8035.14
YDR497C	P30605	ITR1 YDR497C D9719.3
YDR500C	P51402	RPL37B RPL35B YDR500C D9719.6
YDR505C	P50896	PSP1 GIN5 YDR505C D9719.11
YDR510W	Q12306	SMT3 YDR510W D9719.15
YDR515W	Q12034	SLF1 YDR515W D9719.20
YEL005C	P40003	VAB2 VAB31 YEL005C
YEL009C	P03069	GCN4 AAS101 AAS3 ARG9 YEL009C
YEL016C	P39997	NPP2 YEL016C
YEL022W	P39993	GEA2 YEL022W
YEL027W	P25515	VMA3 CLS7 CUP5 GEF2 YEL027W
YEL032W	P24279	MCM3 YEL032W SYGP-ORF23
YEL034W	P23301	HYP2 TIF51A YEL034W SYGP-ORF21
YEL035C	P32630	UTR5 YEL035C SYGP-ORF27
YEL036C	P32629	ANP1 GEM3 YEL036C SYGP-ORF28
YEL045C	P32616	YEL045C SYGP-ORF33
YDR418W,YEL054C	P0CX53	RPL12A RPL15B YEL054C
YDR418W,YEL054C	P0CX54	RPL12B RPL15A YDR418W D9461.7
YEL055C	P39985	POL5 YEL055C
YEL064C	P39981	AVT2 YEL064C
YER005W	P40009	YND1 YER005W
YER009W	P33331	NTF2 YER009W
YER016W	P40013	BIM1 YER016W
YER027C	Q04739	GAL83 SPM1 YER027C
YER031C	P38555	YPT31 YPT8 YER031C
YER037W	P40025	PHM8 YER037W
YER048W-A	Q6Q560	ISD11 YER048W-A
YER049W	P40032	TPA1 YER049W
YER054C	P40036	GIP2 YER054C
YER056C-A	P87262	RPL34A YER056C-A YER056BC
YER060W	P40039	FCY21 FCYY YER060W
YER063W	P40040	THO1 YER063W
YER064C	P40041	VHR2 YER064C
YER074W	P0CX31	RPS24A RPS24EA YER074W
YER074W	P0CX32	RPS24B RPS24EB YIL069C
YER096W	P39000	SHC1 YER096W
YER105C	P40064	NUP157 YER105C
YER106W	P40065	MAM1 YER106W
YER111C	P25302	SWI4 ART1 YER111C
YER117W	P0CX41	RPL23A RPL17A RPL17AA YBL087C YBL0713
YER117W	P0CX42	RPL23B RPL17AB RPL17B YER117W
YER125W	P39940	RSP5 MDP1 NPI1 YER125W SYGP-ORF41
YER126C	P40078	NSA2 YER126C SYGP-ORF47
YER131W	P39939	RPS26B YER131W
YER132C	P32634	PMD1 YER132C SYGP-ORF50
YER133W	P32598	GLC7 CID1 DIS2 YER133W
YER142C	P22134	MAG1 MAG YER142C
YER144C	P39944	UBP5 YER144C
YER151C	Q01477	UBP3 YER151C
YER154W	P39952	OXA1 PET1402 YER154W
YER157W	P40094	COG3 GRD20 SEC34 YER157W
YER161C	P06843	SPT2 SIN1 SPM2 YER161C
YER165W	P04147	PAB1 YER165W
YER174C	P32642	GRX4 YER174C SYGP-ORF64
YER187W	P40102	YER187W
YFL005W	P07560	SEC4 SRO6 YFL005W
YFL008W	P32908	SMC1 CHL10 YFL008W
YFL011W	P43581	HXT10 YFL011W
YFL016C	P35191	MDJ1 YFL016C
YFL023W	P43573	BUD27 URI YFL023W
YFL027C	P43570	GYP8 YFL027C
YFL031W	P41546	HAC1 ERN4 IRE15 IRE2 YFL031W
YFL034W	P43564	MIL1 YFL034W
YFL038C	P01123	YPT1 YP2 YFL038C
YFL039C	P60010	ACT1 ABY1 END7 YFL039C
YFL040W	P43562	YFL040W
YFL049W	P43554	SWP82 YFL049W
YFR001W	P43586	LOC1 YFR001W
YFR002W	P34077	NIC96 YFR002W
YFR004W	P43588	RPN11 MPR1 YFR004W
YFR013W	P43596	IOC3 YFR013W
YFR023W	P39684	PES4 YFR023W
YFR034C	P07270	PHO4 YFR034C
YFR039C	P43611	OSW7 YFR039C
YGL009C	P07264	LEU1 YGL009C
YGL014W	P25339	PUF4 YGL014W YGL023
YGL016W	P32767	KAP122 PDR6 YGL016W
YGL017W	P16639	ATE1 YGL017W
YGL023C	P53191	PIB2 YGL023C
YGL030W	P14120	RPL30 RPL32 YGL030W
YGL031C	P04449	RPL24A RP29 RPL30A YGL031C
YGL035C	P27705	MIG1 CAT4 SSN1 YGL035C
YGL036W	P53185	YGL036W
YGL049C	P39936	TIF4632 YGL049C
YGL066W	P53165	SGF73 YGL066W
YGL068W	P53163	MNP1 MRPL12 YGL068W
YGL073W	P10961	HSF1 YGL073W
YGL075C	P53159	MPS2 MMC1 YGL075C
YGL077C	P19807	HNM1 CTR CTR1 YGL077C
YGL078C	P20447	DBP3 YGL078C
YGL080W	P53157	MPC1 FMP37 YGL080W
YGL092W	P49687	NUP145 RAT10 YGL092W
YGL094C	P53010	PAN2 YGL094C
YGL096W	P53147	TOS8 YGL096W
YGL122C	P32505	NAB2 YGL122C
YGL123W	P25443	RPS2 RPS4 SUP38 SUP44 YGL123W G2893
YGL139W	P53121	FLC3 YGL139W G2812
YGL147C	P05738	RPL9A RPL8A RPL9 YGL147C
YGL160W	P53109	AIM14 YGL160W G1837
YGL162W	P53032	SUT1 YGL162W G1828
YGL166W	P15315	CUP2 ACE1 YGL166W G1810
YGL180W	P53104	ATG1 APG1 AUT3 CVT10 YGL180W G1615
YGL186C	P53099	TPN1 YGL186C G1370
YGL189C	P39938	RPS26A RPS26 YGL189C G1355
YGL219C	P53083	MDM34 MMM2 YGL219C
YGL233W	P22224	SEC15 YGL233W
YGL256W	P10127	ADH4 ZRG5 YGL256W NRC465
YGR014W	P32334	MSB2 YGR014W
YGR032W	P40989	GSC2 FKS2 GLS2 YGR032W
YGR034W	P53221	RPL26B RPL33B YGR034W
YGR044C	P32338	RME1 YGR044C
YGR046W	P53230	TAM41 MMP37 YGR046W
YGR049W	P32564	SCM4 YGR049W
YGR056W	P53236	RSC1 YGR056W
YGR064W	P53240	YGR064W
YGR066C	P53242	YGR066C
YGR077C	P53248	PEX8 PAS6 YGR077C
YGR079W	P53249	YGR079W
YGR083C	P12754	GCD2 TIF224 YGR083C
YGR094W	P07806	VAS1 YGR094W
YGR095C	P53256	RRP46 YGR095C
YGR096W	P53257	TPC1 YGR096W
YGR100W	P53258	MDR1 GYP2 MIC1 YGR100W G5717
YGR106C	P53262	VOA1 YGR106C
YGR111W	P53265	YGR111W G6145
YGR116W	P23615	SPT6 CRE2 SSN20 YGR116W G6169
YGR138C	P53283	TPO2 YGR138C G6417
YGR139W	P53284	YGR139W
YGR142W	P53286	BTN2 YGR142W
YGR148C	P24000	RPL24B RPL30B YGR148C G6635
YGR158C	P48240	MTR3 YGR158C G6676
YGR163W	P53290	GTR2 YGR163W
YGR166W	P32893	TRS65 KRE11 YGR166W
YGR167W	P17891	CLC1 YGR167W
YGR172C	P53039	YIP1 YGR172C
YGR191W	P06775	HIP1 YGR191W G7572
YGR197C	P46950	SNG1 YGR197C G7591
YGR214W	P32905	RPS0A NAB1 NAB1A YST1 YGR214W
YGR222W	P10834	PET54 YGR222W G8527
YGR233C	P17442	PHO81 YGR233C G8567
YGR244C	P53312	LSC2 YGR244C G8625
YGR248W	P53315	SOL4 YGR248W
YGR249W	P53050	MGA1 YGR249W
YGR255C	P53318	COQ6 YGR255C G9165
YGR258C	P07276	RAD2 YGR258C
YGR273C	P53329	YGR273C G9371
YGR274C	P46677	TAF1 TAF130 TAF145 YGR274C G9374
YGR280C	P53335	PXR1 GNO1 YGR280C
YGR282C	P15703	BGL2 SCW9 YGR282C
YGR284C	P53337	ERV29 YGR284C
YGR290W	P53339	YGR290W
YGR294W	P53343	PAU12 YGR294W
YHL002W	P38753	HSE1 YHL002W
YHL015W	P38701	RPS20 URP2 YHL015W
YHL023C	P38742	NPR3 RMD11 YHL023C
YHL024W	P38741	RIM4 YHL024W
YHL031C	P38736	GOS1 YHL031C
YHL036W	P38734	MUP3 YHL036W
YHL040C	P38731	ARN1 YHL040C
YHR006W	P38704	STP2 YHR006W
YHR010W	P0C2H6	RPL27A RPL27 YHR010W
YHR011W	P38705	DIA4 YHR011W
YHR014W	P23624	SPO13 YHR014W
YHR015W	P38760	MIP6 YHR015W
YHR017W	P32792	YSC83 YHR017W
YHR021C	P38711	RPS27B YHR021C
YHR031C	P38766	RRM3 RTT104 YHR031C
YHR033W	P38690	YHR033W
YHR039C	P38694	MSC7 YHR039C
YHR056C	P38781	RSC30 YHR056C
YHR057C	P23285	CPR2 CRG CYP2 SCC2 YHR057C
YHR061C	P38785	GIC1 YHR061C
YHR062C	P38786	RPP1 YHR062C
YHR069C	P38792	RRP4 YHR069C
YHR076W	P38797	PTC7 YHR076W
YHR081W	P38801	LRP1 RRP47 YC1D YHR081W
YHR082C	P38691	KSP1 YHR082C
YHR084W	P13574	STE12 YHR084W
YHR086W	Q00539	NAM8 MRE2 YHR086W
YHR089C	P28007	GAR1 YHR089C
YHR094C	P32465	HXT1 HOR4 YHR094C
YHR098C	P38810	SFB3 LST1 YHR098C
YHR115C	P38823	DMA1 CHF1 YHR115C
YHR133C	P38837	NSG1 YHR133C
YHR135C	P23291	YCK1 CKI2 YHR135C
YHR143W-A	P40422	RPC10 RPB12 YHR143W-A YHR143BW
YHR148W	P32899	IMP3 YHR148W
YHR156C	P38852	LIN1 YHR156C
YHR158C	P38853	KEL1 YHR158C
YHR161C	P38856	YAP1801 YHR161C
YHR162W	P38857	MPC2 YHR162W
YHR168W	P38860	MTG2 YHR168W
YHR170W	P38861	NMD3 YHR170W
YHR172W	P38863	SPC97 YHR172W
YHR177W	P38867	YHR177W
YHR185C	P38872	PFS1 ADY1 YHR185C
YHR188C	P38875	GPI16 YHR188C
YHR190W	P29704	ERG9 YHR190W
YHR195W	P38881	NVJ1 VAB36 YHR195W
YHR196W	P38882	UTP9 YHR196W
YHR206W	P38889	SKN7 BRY1 POS9 YHR206W
YIL004C	P22804	BET1 SLY12 YIL004C YIA4C
YIL006W	P40556	YIA6 NDT1 YIL006W
YIL018W	P0CX45	RPL2A RPL5B YFR031C-A YFR031BC
YIL018W	P0CX46	RPL2B RPL5A YIL018W
YIL021W	P16370	RPB3 YIL021W
YIL036W	P40535	CST6 ACA2 YIL036W
YIL045W	P40187	PIG2 YIL045W
YIL052C	P40525	RPL34B YIL052C
YIL065C	P40515	FIS1 MDV2 YIL065C
YIL071C	P40512	PCI8 CSN11 YIH1 YIL071C
YIL087C	P40502	AIM19 YIL087C
YIL089W	P40500	YIL089W
YIL101C	P40489	XBP1 YIL101C
YIL109C	P40482	SEC24 ANU1 YIL109C
YIL114C	P40478	POR2 YIL114C
YIL126W	P32597	STH1 NPS1 YIL126W
YIL134W	P40464	FLX1 YIL134W
YIL142W	P39076	CCT2 BIN3 TCP2 YIL142W
YIL144W	P40460	NDC80 HEC1 TID3 YIL144W
YIL146C	P40458	ATG32 ECM17 YIL146C
YIL147C	P39928	SLN1 YPD2 YIL147C
YIL150C	P32354	MCM10 DNA43 YIL150C
YIL166C	P40445	YIL166C
YIR001C	P40561	SGN1 RBP29 YIR001C YIB1C
YIR004W	P40564	DJP1 ICS1 PAS22 YIR004W YIB4W
YIR005W	P40565	IST3 SNU17 YIR005W YIB5W
YIR006C	P32521	PAN1 DIM2 MDP3 MIP3 YIR006C YIB6C
YIR009W	P40567	MSL1 YIR009W YIB9W
YIR013C	P40569	GAT4 YIR013C
YJL002C	P41543	OST1 NLT1 YJL002C J1404
YJL014W	P39077	CCT3 BIN2 TCP3 YJL014W J1336
YJL056C	P47043	ZAP1 YJL056C J1145
YJL064W	P47038	YJL064W HRC131 J1120
YJL069C	P40362	UTP18 YJL069C HRE594 J1098
YJL070C	P40361	YJL070C HRD888 J1095
YJL089W	P46954	SIP4 YJL089W J0922
YJL102W	P39677	MEF2 YJL102W D819 J0826
YJL105W	P42948	SET4 YJL105W J0819
YJL110C	P42944	GZF3 YJL110C J0806
YJL111W	P42943	CCT7 YJL111W J0804
YJL116C	P46955	NCA3 YJL116C J0748
YJL123C	P47018	MTC1 YJL123C J0718
YJL127C	P35208	SPT10 CRE1 SUD1 YJL127C J0702
YJL136C	Q3E754	RPS21B RPS25B RPS26B YJL136C J0664
YJL140W	P20433	RPB4 YJL140W J0654
YJL143W	P39515	TIM17 MIM17 MPI2 SMS1 YJL143W J0648
YJL145W	P47008	SFH5 YJL145W J0644
YJL157C	P21268	FAR1 YJL157C J0565
YJL162C	P46997	JJJ2 YJL162C J0549
YJL164C	P06244	TPK1 PKA1 SRA3 YJL164C J0541
YJL172W	P27614	CPS1 CPS YJL172W J0510
YJL176C	P32591	SWI3 TYE2 YJL176C J0495
YJL185C	P46983	ATG36 YJL185C J0415
YJL189W	P04650	RPL39 RPL46 SPB2 YJL189W J0360
YJL196C	P39540	ELO1 YJL196C J0343
YJL198W	P39535	PHO90 YJL198W J0336
YJL210W	P32800	PEX2 CRT1 PAS5 YJL210W HRA271 J0240
YJL219W	P40885	HXT9 YJL219W HRC567 J0222
YJR003C	P47084	MRX12 YJR003C J1415 YJR83.30
YJR007W	P20459	SUI2 TIF211 YJR007W J1429
YJR017C	P22696	ESS1 PIN1 PTF1 YJR017C J1452
YJR019C	P41903	TES1 PTE1 YJR019C J1456
YJR035W	P40352	RAD26 GTA1085 YJR035W J1606
YJR043C	P47110	POL32 YJR043C J1626
YJR054W	P47114	KCH1 YJR054W J1669
YJR064W	P40413	CCT5 TCP5 YJR064W J1752
YJR076C	P32458	CDC11 PSL9 YJR076C J1833
YJR077C	P23641	MIR1 YJR077C J1837
YJR091C	P47135	JSN1 PUF1 YJR091C J1890
YJR093C	P45976	FIP1 YJR093C J1911
YJR095W	P33303	SFC1 ACR1 YJR095W J1921
YJR117W	P47154	STE24 AFC1 YJR117W J2032
YJR123W	P26783	RPS5 RPS2 YJR123W J2045
YJR124C	P47159	YJR124C J2046
YJR126C	P47161	VPS70 YJR126C J2050
YJR143C	P46971	PMT4 YJR143C J2176
YHR203C,YJR145C	P0CX35	RPS4A RPS7B YJR145C J2186
YHR203C,YJR145C	P0CX36	RPS4B RPS7A YHR203C
YJR152W	P15365	DAL5 UREP1 YJR152W J2230
YJR155W	P47182	AAD10 YJR155W J2245
YJR159W	P35497	SOR1 SDH1 YJR159W J2395
YJR160C	P0CE00	MPH3 YJR160C J2400
YKL004W	P36107	AUR1 YKL004W
YKL005C	P36106	BYE1 YKL005C YKL150
YKL006W	P36105	RPL14A YKL006W YKL153
YKL009W	P33201	MRT4 YKL009W YKL160
YKL015W	P25502	PUT3 YKL015W
YKL020C	P35210	SPT23 YKL020C
YKL033W	P36097	TTI1 FMP47 YKL033W YKL246
YKL039W	P32857	PTM1 YKL039W YKL252
YKL042W	P36094	SPC42 YKL042W YKL255
YKL046C	P36091	DCW1 YKL046C YKL259
YKL049C	P36012	CSE4 CSL2 YKL049C YKL262
YKL054C	P35732	DEF1 RIP1 VID31 YKL054C YKL308
YKL057C	P35729	NUP120 RAT2 YKL057C YKL313 YKL314
YKL059C	P35728	MPE1 YKL059C YKL316
YKL062W	P33749	MSN4 YKL062W
YKL101W	P34244	HSL1 YKL101W YKL453
YKL107W	P34251	YKL107W YKL462
YKL109W	P14064	HAP4 YKL109W YKL465
YKL112W	P14164	ABF1 BAF1 OBF1 REB2 SBF1 YKL112W YKL505
YKL118W	P36072	YKL118W
YKL120W	P32332	OAC1 PMT PMT1 YKL120W YKL522
YKL126W	P12688	YPK1 SLI2 YKL126W
YKL133C	P36066	YKL133C
YKL146W	P36062	AVT3 YKL146W YKL600
YKL154W	P36057	SRP102 YKL154W YKL609
YKL157W	P32454	APE2 LAP1 YKL157W YKL158W YKL611 YKL612
YKL166C	P05986	TPK3 PKA3 YKL166C YKL630
YKL171W	P36003	NNK1 YKL171W YKL635
YKL179C	P34237	COY1 YKL179C
YKL180W	P05740	RPL17A RPL17 RPL20A YKL180W
YKL183W	P34234	LOT5 YKL183W
YKL195W	P36046	MIA40 TIM40 YKL195W
YKL203C	P32600	TOR2 DRR2 TSC14 YKL203C
YKL205W	P33418	LOS1 YKL205W
YKL217W	P36035	JEN1 YKL217W
YKR002W	P29468	PAP1 YKR002W
YKR030W	P36125	GMH1 MSG1 YKR030W
YKR036C	P36130	CAF4 YKR036C
YKR039W	P19145	GAP1 YKR039W
YKR075C	P36155	YKR075C
YKR081C	P36160	RPF2 YKR081C YKR401
YKR089C	P36165	TGL4 STC1 YKR089C YKR409
YKR092C	P32583	SRP40 YKR092C YKR412A
YKR093W	P32901	PTR2 YKR093W YKR413
YIL148W,YKR094C	P0CH08	RPL40A UBI1 YIL148W
YIL148W,YKR094C	P0CH09	RPL40B UBI2 YKR094C
YKR098C	P36026	UBP11 YKR098C
YLL005C	Q07798	SPO75 YLL005C L1361
YLL006W	P41800	MMM1 YME6 YLL006W L1357
YLL027W	Q07821	ISA1 YLL027W
YLL028W	Q07824	TPO1 YLL028W L0939
YLL044W	Q07880	YLL044W L0725
YLL055W	Q12235	YCT1 YLL055W L0578
YLL065W	Q99339	YLL065W L0536
YLR006C	Q07084	SSK1 YLR006C
YLR009W	Q07915	RLP24 YLR009W
YLR013W	Q07928	GAT3 YLR013W
YLR016C	Q07930	PML1 YLR016C L1591
YLR025W	P39929	SNF7 DID1 VPS32 YLR025W
YLR046C	Q12253	YLR046C L2111
YLR047C	Q12209	FRE8 YLR047C L2114
YLR053C	Q12026	YLR053C L2137
YLR054C	Q12202	OSW2 YLR054C L2141
YLR055C	P38915	SPT8 YLR055C L2144
YLR057W	Q12205	MNL2 YLR057W L2153
YLR059C	P54964	REX2 YNT20 YLR059C L2159
YLR060W	P15624	FRS1 YLR060W L2165
YLR061W	P05749	RPL22A YLR061W L2168
YLR071C	P19263	RGR1 MED14 YLR071C
YLR081W	P13181	GAL2 IMP1 YLR081W L9449.6
YLR097C	Q12347	HRT3 YLR097C
YLR102C	Q12107	APC9 YLR102C
YLR114C	Q12500	AVL9 YLR114C L2941
YLR115W	Q12102	CFT2 YDH1 YLR115W L2946
YLR116W	Q12186	MSL5 BBP SF1 YLR116W L2949
YLR117C	Q12309	CLF1 NTC77 SYF3 YLR117C L2952
YLR132C	Q12208	USB1 YLR132C L3127
YLR135W	Q12098	SLX4 YLR135W L3140
YLR152C	P54072	YLR152C L9634.9
YLR167W	P05759	RPS31 RPS37 UBI3 YLR167W L9470.14
YLR176C	P48743	RFX1 CRT1 YLR176C L9470.18
YLR182W	P09959	SWI6 YLR182W L9470.8
YLR185W	P49166	RPL37A RPL35A YLR185W L9470.6
YLR191W	P80667	PEX13 PAS20 YLR191W L9470.1
YLR196W	P21304	PWP1 YLR196W L8167.10
YLR197W	Q12460	NOP56 SIK1 YLR197W L8167.9
YLR202C	O13531	YLR202C
YLR206W	Q05785	ENT2 YLR206W
YLR207W	Q05787	HRD3 YLR207W
YLR210W	P24871	CLB4 YLR210W L8167.3
YLR220W	P47818	CCC1 YLR220W L8083.6
YLR222C	Q05946	UTP13 YLR222C
YLR227C	Q05955	ADY4 YLR227C L8083.11
YLR228C	Q05958	ECM22 YLR228C
YLR241W	Q06538	CSC1 YLR241W
YLR243W	Q06543	GPN3 YLR243W
YLR249W	P16521	YEF3 EFC1 TEF3 YEF3A YLR249W L9672.5
YLR263W	P14291	RED1 YLR263W L8479.6
YLR273C	Q06216	PIG1 YLR273C L9328.2
YLR275W	Q06217	SMD2 YLR275W L9328.5
YLR277C	Q06224	YSH1 BRR5 YLR277C
YLR286C	P29029	CTS1 SCW2 YLR286C L8003.13
YLR287C-A	P0CX33	RPS30A YLR287C-A L8003.23 YLR287BC
YLR287C-A	P0CX34	RPS30B YOR182C
YLR293C	P32835	GSP1 CNR1 CST17 YLR293C L8003.19
YLR305C	P37297	STT4 YLR305C L2142.4
YLR311C	Q06158	YLR311C L8543.10
YLR352W	Q06479	YLR352W
YLR353W	P41698	BUD8 YLR353W L9638.3
YLR366W	Q7LIF1	YLR366W L8039.7
YLR368W	Q05930	MDM30 YLR368W
YLR372W	P40319	ELO3 APA1 SRE1 SUR4 VBM1 YLR372W L8039.2
YLR375W	Q05937	STP3 YLR375W
YLR380W	Q06705	CSR1 SFH2 YLR380W
YLR388W	P41057	RPS29A RPS36A YS29A YLR388W L8084.11
YLR389C	Q06010	STE23 YLR389C L8084.12
YLR403W	P32432	SFP1 YLR403W L8084.4
YLR414C	Q06991	PUN1 YLR414C
YLR417W	Q06696	VPS36 GRD12 VAC3 VPL11 YLR417W
YLR418C	Q06697	CDC73 YLR418C
YLR435W	Q06672	TSR2 YLR435W
YLR436C	Q06673	ECM30 YLR436C
YLR441C	P33442	RPS1A PLC1 RPS10A YLR441C L9753.9
YLR448W	P05739	RPL6B RPL16B RPL17B YL16B YLR448W L9324.4
YLR453C	Q06208	RIF2 YLR453C
YML007W	P19880	YAP1 PAR1 PDR4 SNQ3 YML007W YM9571.12
YML008C	P25087	ERG6 ISE1 LIS1 SED6 YML008C YM9571.10C
YML010W	P27692	SPT5 YML010W YM9571.08
YML016C	P26570	PPZ1 YML016C YM9571.02C
YML024W	P02407	RPS17A RP51A YML024W
YML027W	P34161	YOX1 YML027W
YML030W	Q03713	RCF1 AIM31 YML030W
YML031W	P32500	NDC1 YML031W
YML032C	P06778	RAD52 YML032C
YML042W	P32796	CAT2 CAT YCAT YML042W YM8054.01
YML051W	P04387	GAL80 YML051W YM9827.01 YM9958.12
YML052W	P54003	SUR7 YML052W YM9958.11
YML063W	P23248	RPS1B PLC2 RPS10B YML063W
YML068W	Q04638	ITT1 YML068W
YML073C	Q02326	RPL6A RPL17A YL16A YML073C
YML082W	Q04533	YML082W
YML084W	Q04521	YML084W
YML085C	P09733	TUB1 YML085C
YML086C	P54783	ALO1 YML086C
YML093W	Q04500	UTP14 YML093W
YML117W	Q03735	NAB6 YML117W YM8339.02
YML122C	Q03207	YML122C YM7056.04C
YML128C	Q03104	MSC1 YML128C YM4987.07C
YML130C	Q03103	ERO1 YML130C YM4987.05C
YMR001C	P32562	CDC5 MSD2 PKX2 YMR001C YM8270.03C
YMR015C	P54781	ERG5 CYP61 YMR015C YM9711.02C
YMR016C	P53438	SOK2 YMR016C YM9711.03C
YMR026C	Q04370	PEX12 YMR026C YM9711.16C
YMR032W	Q05080	HOF1 CYK2 YMR032W YM9973.05
YMR034C	Q05131	RCH1 YMR034C YM9973.08C
YMR037C	P33748	MSN2 YMR037C YM9532.02C
YMR052C-A	Q6B0Y6	YMR052C-A
YMR061W	P25298	RNA14 YMR061W YM9796.14
YMR070W	P54785	MOT3 ROX7 YMR070W YM9916.09
YMR071C	Q04767	TVP18 YMR071C YM9916.10C
YMR072W	Q02486	ABF2 HIM1 YMR072W YM9916.11
YMR073C	Q04772	IRC21 YMR073C YM9916.12C
YMR074C	Q04773	YMR074C YM9916.13C
YMR080C	P30771	NAM7 IFS2 MOF4 UPF1 YMR080C YM9582.05C
YMR083W	P07246	ADH3 YMR083W YM9582.08
YMR086W	Q04279	SEG1 YMR086W YM9582.10
YMR091C	P32832	NPL6 RSC7 YMR091C YM9582.16C
YMR093W	Q04305	UTP15 YMR093W YM9582.18
YMR111C	Q04461	EUC1 YMR111C YM9718.10C
YMR142C	P40212	RPL13B RPL13 YMR142C YM9375.11C
YMR143W	P0CX51	RPS16A RP61R YMR143W YM9375.12
YMR143W	P0CX52	RPS16B YDL083C
YMR145C	P40215	NDE1 NDH1 YMR145C YM9375.14C
YMR153W	Q03790	NUP53 YMR153W YM8520.02
YMR164C	Q03825	MSS11 YMR164C YM8520.13C
YMR166C	Q03829	MME1 YMR166C YM8520.15C
YMR179W	P35209	SPT21 YMR179W YM8010.09
YMR182C	Q00453	RGM1 YMR182C YM8010.12C
YMR190C	P35187	SGS1 TPS1 YMR190C YM9646.02C
YMR195W	Q04329	ICY1 YMR195W YM9646.08
YMR198W	Q01649	CIK1 YMR198W YM9646.11
YMR211W	Q03652	DML1 YMR211W YM8261.05
YMR229C	Q05022	RRP5 FMI1 YMR229C YM9959.11C
YMR230W	P46784	RPS10B YMR230W YM9959.12
YMR239C	Q02555	RNT1 YMR239C YM9408.01C YM9959.21
YMR241W	Q04013	YHM2 YMR241W YM9408.03
YMR246W	P47912	FAA4 YMR246W YM9408.08
YMR259C	Q03496	TRM732 YMR259C YM8156.01C YM9920.13C
YMR266W	Q03516	RSN1 YMR266W YM8156.08
YMR270C	P53437	RRN9 YMR270C YM8156.12C
YMR276W	P48510	DSK2 SHE4 YMR276W YM8021.02
YMR277W	Q03254	FCP1 YMR277W YM8021.03
YMR280C	P39113	CAT8 MSP8 YMR280C YM8021.06C
YMR285C	Q03264	NGL2 YMR285C YM8021.11C
YMR295C	Q03559	YMR295C
YMR306W	Q04952	FKS3 YMR306W YM9952.08
YMR309C	P32497	NIP1 YMR309C YM9924.01C YM9952.11C
YMR316C-B	A0A023PXQ9	YMR316C-B
YNL020C	P53974	ARK1 YNL020C N2823
YNL028W	P53967	YNL028W N2758
YNL031C	P61830	HHT1 YBR010W YBR0201; HHT2 SIN2 YNL031C N2749
YNL032W	P53965	SIW14 OCA3 YNL032W N2746
YNL046W	P53956	YNL046W N2530
YNL047C	P53955	SLM2 LIT1 YNL047C N2515 YNL2515P
YNL061W	P40991	NOP2 YNA1 YNL061W N2428 YNL2428W
YNL065W	P53943	AQR1 YNL065W N2417 YNL2417W
YNL069C	P26785	RPL16B RP23 RPL21B YNL069C N2377
YNL070W	P53507	TOM7 MOM7 YNL070W N2378
YNL074C	P32047	MLF3 YMK1 YNL074C N2359
YNL075W	P53941	IMP4 YNL075W N2353
YNL076W	P34072	MKS1 LYS80 YNL076W N2344 N2347
YNL091W	P53935	NST1 YNL091W N2231
YNL094W	P53933	APP1 YNL094W N2219
YNL096C	P48164	RPS7B YNL096C N2212
YNL097C	P50947	PHO23 YNL097C N2205
YNL100W	P50945	MIC27 AIM37 MCS27 YNL100W N2190
YNL101W	P50944	AVT4 YNL101W N2185
YNL108C	P53929	YNL108C N1962
YNL110C	P53927	NOP15 YNL110C N1954
YNL118C	P53550	DCP2 PSU1 YNL118C N1917
YNL126W	P53540	SPC98 YNL126W N1222 N1879
YNL131W	P49334	TOM22 MAS17 MAS22 MOM22 YNL131W N1217 N1862
YNL140C	P53910	YNL140C N1830
YNL178W	P05750	RPS3 SUF14 YNL178W N1653
YNL181W	P53878	YNL181W N1640
YNL186W	P53874	UBP10 DOT4 YNL186W N1619
YNL188W	P11927	KAR1 YNL188W N1611
YNL194C	P40169	YNL194C N1394
YNL203C	P40163	YNL203C N1358
YNL204C	P32572	SPS18 SPX18 YNL204C N1354
YNL216W	P11938	RAP1 GRF1 TUF1 YNL216W N1310
YNL225C	P53865	CNM67 YNL225C N1264
YNL239W	Q01532	LAP3 BLH1 GAL6 YCP1 YNL239W N1118
YNL255C	P53849	GIS2 YNL255C N0852
YNL256W	P53848	FOL1 YNL256W N0848
YNL270C	P38971	ALP1 YNL270C N0660
YNL279W	P53835	PRM1 YNL279W N0605
YNL283C	P53832	WSC2 YNL283C N0583
YNL292W	P48567	PUS4 YNL292W N0480
YNL294C	P48565	RIM21 PAL2 YNL294C N0466
YNL304W	P48559	YPT11 YNL304W N0410
YNL305C	P48558	BXI1 YBH3 YNL305C N0405
YNL311C	P42843	SKP2 YNL311C N0376
YNR001C	P00890	CIT1 GLU3 LYS6 YNR001C N2019
YNR006W	P40343	VPS27 DID7 GRD11 SSV17 VPL23 VPT27 YNR006W N2038
YNR016C	Q00955	ACC1 ABP2 FAS3 MTR7 YNR016C N3175
YNR017W	P32897	TIM23 MAS6 MIM23 MPI3 YNR017W N3180
YNR019W	P53629	ARE2 SAT1 YNR019W N3206
YNR031C	P53599	SSK2 YNR031C N3276
YNR032W	P32838	PPG1 PPG YNR032W N3281
YNR048W	P53740	YNR048W N3453
YNR053C	P53742	NOG2 YNR053C N3484
YNR055C	P53389	HOL1 YNR055C N3494
YNR072W	P53631	HXT17 YNR072W N3615
YOL012C	Q12692	HTZ1 H2AZ HTA3 YOL012C O2345
YOL015W	Q08118	IRC10 YOL015W
YOL019W	Q08157	YOL019W
YOL021C	Q08162	DIS3 RRP44 YOL021C O2197
YOL027C	Q08179	MDM38 YOL027C
YOL040C	Q01855	RPS15 RPS21 YOL040C
YOL051W	P19659	GAL11 ABE1 MED15 RAR3 SDS4 SPT13 YOL051W
YOL052C	P21182	SPE2 YOL052C O1275
YOL054W	Q12161	PSH1 YOL054W O1263
YOL075C	Q08234	YOL075C YOL074C
YOL080C	Q08237	REX4 YOL080C
YOL084W	Q12252	PHM7 YOL084W 00953
YOL092W	Q12010	YPQ1 YOL092W O0929
YOL104C	Q12366	NDJ1 TAM1 YOL104C
YOL112W	Q12317	MSB4 YOL112W HRC492
YOL120C	P0CX49	RPL18A RP28A YOL120C
YOL120C	P0CX50	RPL18B RP28B YNL301C N0425
YOL121C	P07280	RPS19A RP55A RPS16AA YOL121C
YOL123W	Q99383	HRP1 NAB4 NAB5 YOL123W
YOL124C	Q12463	TRM11 YOL124C
YOL127W	P04456	RPL25 YOL127W
YOL130W	Q08269	ALR1 YOL130W
YOL138C	Q08281	RTC1 SEA2 YOL138C
YOL147C	Q12462	PEX11 PMP24 PMP27 YOL147C O0454
YOR008C	P54867	SLG1 WSC1 YOR008C UNF378
YOR029W	Q12243	YOR029W O2663 OR26.19 YOL303.13
YOR030W	Q99234	DFG16 ECM41 ZRG11 YOR030W OR26.20
YOR032C	Q12398	HMS1 YOR032C OR26.22
YOR036W	P32854	PEP12 VPS6 VPT13 YOR036W OR26.29
YOR048C	Q02792	RAT1 HKE1 TAP1 YOR048C
YOR062C	P36025	YOR062C YOR29-13
YOR066W	Q08471	MSA1 YOR066W YOR29-17
YOR079C	Q12067	ATX2 YOR079C YOR29-30
YOR090C	Q12511	PTC5 PPP1 YOR090C YOR3157C
YOR096W	P26786	RPS7A RPS30 YOR096W YOR3177W
YOR098C	P20676	NUP1 YOR098C YOR3182C
YOR106W	Q12241	VAM3 PTH1 YOR106W YOR3220W
YDR385W,YOR133W	P32324	EFT1 YOR133W O3317 YOR3317W; EFT2 YDR385W
YOR151C	P08518	RPB2 RPB150 RPO22 YOR151C
YOR162C	Q12172	YRR1 PDR2 YOR162C O3571
YOR168W	P13188	GLN4 YOR168W O3601
YOR170W	Q08543	YOR170W O3610
YOR173W	Q12123	DCS2 YOR173W O3625
YOR181W	Q12446	LAS17 YOR181W
YOR185C	P32836	GSP2 CNR2 YOR185C
YOR188W	P21339	MSB1 YOR188W
YOR206W	P39744	NOC2 YOR206W YOX001
YOR207C	P22276	RET1 RPC128 RPC2 YOR207C
YOR211C	P32266	MGM1 MDM17 YOR211C YOR50-1
YOR212W	P18851	STE4 YOR212W YOR50-2
YOR224C	P20436	RPB8 YOR224C YOR50-14
YOR228C	Q12106	MCP1 YOR228C YOR50-18
YOR229W	Q12206	WTM2 YOR229W YOR50-19
YOR233W	Q01919	KIN4 KIN3 KIN31 YOR233W O5220
YOR257W	P06704	CDC31 DSK1 YOR257W
YOR271C	Q12029	FSF1 YOR271C
YOR272W	Q12024	YTM1 YOR272W
YOR278W	P06174	HEM4 ORF1 YOR278W O5463
YOR281C	Q12017	PLP2 VIAF1 YOR281C
YOR293W	Q08745	RPS10A YOR293W
YOR306C	Q08777	MCH5 YOR306C
YOR307C	P22215	SLY41 YOR307C O5663
YOR309C	Q12444	YOR309C 06105
YOR313C	P09937	SPS4 YOR313C O6120
YOR329C	P34758	SCD5 FTB1 YOR329C
YOR331C	Q08786	YOR331C O6238
YOR335C	P40825	ALA1 CDC64 YOR335C
YOR348C	P15380	PUT4 YOR348C O6345
YOR355W	P41913	GDS1 YOR355W
YOR360C	P06776	PDE2 SRA5 YOR360C
YOR372C	Q08887	NDD1 YOR372C
YOR377W	P40353	ATF1 YOR377W
YOR381W	Q08905	FRE3 YOR381W O6754
YOR386W	P05066	PHR1 YOR386W
YOR390W	Q08913	FEX1 YOR390W
YPL008W	P22516	CHL1 CTF1 YPL008W YP8132.05
YPL012W	Q12754	RRP12 YPL012W
YPL019C	Q02725	VTC3 PHM2 YPL019C
YPL026C	Q12505	SKS1 SHA3 YPL026C LPB5
YPL038W	Q03081	MET31 YPL038W P7102.12
YPL054W	Q02799	LEE1 YPL054W
YPL058C	Q02785	PDR12 YPL058C LPE14C
YPL079W	Q12672	RPL21B YPL079W LPF6W
YPL090C	P0CX37	RPS6A RPS101 RPS10B YPL090C LPG18C
YPL090C	P0CX38	RPS6B RPS102 RPS10A YBR181C YBR1244
YPL093W	Q02892	NOG1 YPL093W LPG15W
YPL109C	Q02981	YPL109C LPH17C
YPL124W	P33419	SPC29 LPH3 NIP29 YPL124W LPH3W
YPL131W	P26321	RPL5 RPL1 RPL1A YPL131W LPI14W
YPL134C	Q03028	ODC1 YPL134C LPI11C
YPL137C	Q03016	GIP3 YPL137C
YPL143W	P05744	RPL33A RPL37A YPL143W LPI4W P2625
YPL145C	P35844	KES1 OSH4 YPL145C LPI3C P2614
YPL146C	Q12080	NOP53 YPL146C LPI2C P2610
YPL151C	Q12417	PRP46 CWC1 NTC50 YPL151C P2594
YPL153C	P22216	RAD53 MEC2 SAD1 SPK1 YPL153C P2588
YPL155C	P28743	KIP2 YPL155C P2581
YPL169C	Q99257	MEX67 YPL169C P2520
YPL176C	Q08919	TRE1 YPL176C
YPL179W	P32945	PPQ1 SAL6 YPL179W
YPL190C	P38996	NAB3 HMD1 YPL190C
YPL193W	Q08932	RSA1 YPL193W
YPL202C	Q08957	AFT2 YPL202C
YPL203W	P06245	TPK2 PKA2 YKR1 YPL203W
YPL207W	Q08960	TYW1 YPL207W
YPL209C	P38991	IPL1 YPL209C
YPL220W	P0CX43	RPL1A SSM1 SSM1A YPL220W
YPL220W	P0CX44	RPL1B SSM1B SSM2 YGL135W G2834
YPL232W	P32867	SSO1 YPL232W P1405
YPL235W	Q12464	RVB2 TIH2 TIP49B YPL235W P1060
YPL237W	P09064	SUI3 TIF212 YPL237W
YPL242C	Q12280	IQG1 CYK1 YPL242C
YPL243W	P38687	SRP68 YPL243W
YPL245W	Q12179	YPL245W
YPL246C	Q12270	RBD2 YPL246C
YPL250C	Q12048	ATG41 ICY2 YPL250C
YPL254W	Q12060	HFI1 ADA1 SUP110 YPL254W
YPL255W	Q12365	BBP1 YPL255W P0745
YPL279C	Q08991	FEX2 YPL279C
YPR011C	Q12251	YPR011C LPZ11C YP9531.04C
YPR015C	Q12531	YPR015C LPZ14c
YPR016C	Q12522	TIF6 CDC95 YPR016C LPZ15C
YPR020W	Q12233	ATP20 YPR020W YP9531.14
YPR021C	Q12482	AGC1 YPR021C YP9367.01C
YPR024W	P32795	YME1 OSD1 YTA11 YPR024W YP9367.04
YPR032W	Q12038	SRO7 SNI1 SOP1 YPR032W YP9367.12
YPR034W	Q12406	ARP7 SWP61 YPR034W YP9367.14
YPR040W	Q12199	TIP41 YPR040W YP3085.04
YPR041W	P38431	TIF5 YPR041W YP3085.05
YPR043W	P0CX25	RPL43A YPR043W YP9499.02
YPR043W	P0CX26	RPL43B YJR094W-A YJR094BW
YPR058W	P32331	YMC1 YPR058W YP9499.14
YPR059C	P0C5E1	YPR059C
YPR065W	P25042	ROX1 YPR065W YP9499.20
YPR066W	Q99344	UBA3 YPR066W YP9499.21
YPR075C	Q06810	OPY2 YPR075C
YPR103W	P30656	PRE2 DOA3 PRG1 YPR103W P8283.10
YPR107C	Q06102	YTH1 YPR107C
YPR111W	P32328	DBF20 YPR111W
YPR114W	Q06107	YPR114W
YPR119W	P24869	CLB2 YPR119W P9642.6
YPR120C	P30283	CLB5 YPR120C P9642.8
YPR124W	P49573	CTR1 YPR124W P9642.3
YPR125W	Q06493	YLH47 MRS7 YPR125W
YPR128C	Q06497	ANT1 YPR128C
YPR129W	P45978	SCD6 YPR129W P9659.10
YPR131C	Q06504	NAT3 YPR131C
YGR118W,YPR132W	P0CX29	RPS23A RPS28A YGR118W G6178
YGR118W,YPR132W	P0CX30	RPS23B RPS28B YPR132W P9659.9
YPR133C	Q06505	SPN1 IWS1 YPR133C
YPR133W-A	P80967	TOM5 MOM8A YPR133W-A
YPR137W	Q06506	RRP9 YPR137W
YPR139C	Q06508	LOA1 VPS66 YPR139C
YPR157W	Q06466	TDA6 YPR157W
YPR161C	P23293	SGV1 BUR1 YPR161C P9584.8
YPR171W	Q06604	BSP1 YPR171W
YPR177C	O13575	YPR177C P9705.12A
YPR181C	P15303	SEC23 YPR181C P9705.14
YPR185W	Q06628	ATG13 APG13 YPR185W
YPR187W	P20435	RPO26 RPB6 YPR187W P9677.8
